,country,cou_code,region,data_source,date_updated,total_vax,vax_1+,total_vax_rate,vax_1+_rate,full_vax,full_vax_rate,vax_used,vax_date,num_vax_types,boost_add_dose,boost_add_dose_rate
0,Afghanistan,AFG,EMRO,REPORTING,2022-11-02,12140367.0,11165700.0,31.186,28.683,10458947.0,26.867,"AstraZeneca - Vaxzevria,Beijing CNBG - BBIBP-CorV,Bharat - Covaxin,CanSino - Convidecia,Gamaleya - Gam-Covid-Vac,Gamaleya - Sputnik-Light,Janssen - Ad26.COV 2-S,Moderna - Spikevax,Pfizer BioNTech - Comirnaty,SII - Covishield,Sinovac - CoronaVac",2021-02-22,11.0,,
1,Albania,ALB,EURO,REPORTING,2022-10-16,2991576.0,1339100.0,104.0,47.053,1265900.0,44.481,"AstraZeneca - Vaxzevria,Gamaleya - Gam-Covid-Vac,Pfizer BioNTech - Comirnaty,SII - Covishield,Sinovac - CoronaVac",2021-01-13,5.0,363122.0,12.759
2,Algeria,DZA,AFRO,REPORTING,2022-09-04,15267442.0,7840131.0,34.817,17.879,6481186.0,14.78,"Beijing CNBG - BBIBP-CorV,Gamaleya - Gam-Covid-Vac,SII - Covishield,Sinovac - CoronaVac",2021-01-30,4.0,575651.0,1.313
3,American Samoa,ASM,WPRO,REPORTING,2022-08-23,111316.0,44885.0,201.67,81.318,41423.0,75.046,"Janssen - Ad26.COV 2-S,Moderna - Spikevax,Pfizer BioNTech - Comirnaty",2020-12-21,3.0,24160.0,43.77
4,Andorra,AND,EURO,REPORTING,2022-10-16,154320.0,57898.0,199.7,76.005,53482.0,70.208,"AstraZeneca - Vaxzevria,Moderna - Spikevax,Pfizer BioNTech - Comirnaty",2021-01-20,3.0,42940.0,56.369
5,Angola,AGO,AFRO,REPORTING,2022-10-30,22990789.0,14220830.0,69.953,43.269,7814121.0,23.776,SII - Covishield,2021-03-10,1.0,1127156.0,3.43
6,Anguilla,AIA,AMRO,REPORTING,2022-10-28,24434.0,10852.0,162.872,72.337,10366.0,69.097,"AstraZeneca - Vaxzevria,Pfizer BioNTech - Comirnaty",2021-02-05,2.0,2998.0,19.984
7,Antigua and Barbuda,ATG,AMRO,REPORTING,2022-10-28,136512.0,64290.0,139.399,65.65,62384.0,63.703,"AstraZeneca - Vaxzevria,Beijing CNBG - BBIBP-CorV,Gamaleya - Gam-Covid-Vac,Janssen - Ad26.COV 2-S,Pfizer BioNTech - Comirnaty,SII - Covishield",2021-03-01,6.0,9838.0,10.046
8,Argentina,ARG,AMRO,REPORTING,2022-10-07,109652736.0,41324100.0,242.617,91.434,37840119.0,83.725,"AstraZeneca - Vaxzevria,Beijing CNBG - BBIBP-CorV,CanSino - Convidecia,Gamaleya - Gam-Covid-Vac,Moderna - Spikevax,Pfizer BioNTech - Comirnaty,SII - Covishield",2020-12-29,7.0,30810184.0,68.17
9,Armenia,ARM,EURO,REPORTING,2022-05-22,2150112.0,1129669.0,72.6,38.123,985807.0,33.268,"AstraZeneca - Vaxzevria,Beijing CNBG - BBIBP-CorV,Gamaleya - Gam-Covid-Vac,Gamaleya - Sputnik-Light,Moderna - Spikevax,Pfizer BioNTech - Comirnaty,Sinovac - CoronaVac,Wuhan CNBG - Inactivated",2021-06-16,8.0,40725.0,1.374
10,Aruba,ABW,AMRO,REPORTING,2022-10-28,173723.0,89961.0,162.714,84.26,83762.0,78.454,"Janssen - Ad26.COV 2-S,Pfizer BioNTech - Comirnaty",2021-02-17,2.0,,
11,Australia,AUS,WPRO,REPORTING,2022-09-28,63461493.0,22443557.0,248.87,88.014,21784904.0,85.431,"AstraZeneca - Vaxzevria,Janssen - Ad26.COV 2-S,Moderna - Spikevax,Novavax-NUVAXOVID,Pfizer BioNTech - Comirnaty",2021-02-21,5.0,14265648.0,55.944
12,Austria,AUT,EURO,REPORTING,2022-10-16,19596170.0,6889593.0,220.2,77.507,6671600.0,74.953,"AstraZeneca - Vaxzevria,Janssen - Ad26.COV 2-S,Moderna - Spikevax,Novavax-NUVAXOVID,Pfizer BioNTech - Comirnaty,Unknown Vaccine",2020-12-30,6.0,5359031.0,60.207
13,Azerbaijan,AZE,EURO,REPORTING,2022-10-16,13763859.0,5410598.0,135.7,53.363,4873700.0,48.068,"AstraZeneca - Vaxzevria,Gamaleya - Gam-Covid-Vac,Gamaleya - Sputnik-Light,Pfizer BioNTech - Comirnaty,Sinovac - CoronaVac",2021-01-20,5.0,3479563.0,34.318
14,Bahamas,BHS,AMRO,REPORTING,2022-10-28,362968.0,173529.0,92.301,44.128,165317.0,42.039,"AstraZeneca - Vaxzevria,Janssen - Ad26.COV 2-S,Pfizer BioNTech - Comirnaty,SII - Covishield",2021-03-14,4.0,32960.0,8.382
15,Bahrain,BHR,EMRO,REPORTING,2022-11-02,3473923.0,1240911.0,204.159,72.927,1226421.0,72.076,"AstraZeneca - Vaxzevria,Beijing CNBG - BBIBP-CorV,Bharat - Covaxin,CanSino - Convidecia,Gamaleya - Gam-Covid-Vac,Gamaleya - Sputnik-Light,Janssen - Ad26.COV 2-S,Moderna - Spikevax,Pfizer BioNTech - Comirnaty,SII - Covishield,Sinovac - CoronaVac",2020-11-04,11.0,1006591.0,59.156
16,Bangladesh,BGD,SEARO,REPORTING,2022-10-31,321135933.0,139094638.0,194.995,84.459,124138382.0,75.377,"AstraZeneca - Vaxzevria,Beijing CNBG - BBIBP-CorV,Gamaleya - Gam-Covid-Vac,Janssen - Ad26.COV 2-S,Moderna - Spikevax,Pfizer BioNTech - Comirnaty,SII - Covishield,Sinovac - CoronaVac",2021-01-27,8.0,57902913.0,35.159
17,Barbados,BRB,AMRO,REPORTING,2022-10-28,380666.0,163707.0,132.463,56.966,154789.0,53.863,"AstraZeneca - Vaxzevria,Beijing CNBG - BBIBP-CorV,Janssen - Ad26.COV 2-S,Pfizer BioNTech - Comirnaty,SII - Covishield",2021-01-08,5.0,62170.0,21.634
18,Belarus,BLR,EURO,REPORTING,2022-10-16,16102869.0,6512843.0,170.4,68.924,6407148.0,67.805,"Beijing CNBG - BBIBP-CorV,Chumakov - Covi-Vac,Gamaleya - Gam-Covid-Vac,Gamaleya - Sputnik-Light",2021-02-03,4.0,3414776.0,36.138
19,Belgium,BEL,EURO,REPORTING,2022-10-16,28259334.0,9248836.0,245.3,80.268,9152369.0,79.431,"AstraZeneca - Vaxzevria,Janssen - Ad26.COV 2-S,Moderna - Spikevax,Pfizer BioNTech - Comirnaty",2020-12-30,4.0,7222211.0,62.68
20,Belize,BLZ,AMRO,REPORTING,2022-10-28,501313.0,251358.0,126.076,63.214,220794.0,55.528,"AstraZeneca - Vaxzevria,Beijing CNBG - BBIBP-CorV,Janssen - Ad26.COV 2-S,Pfizer BioNTech - Comirnaty,SII - Covishield",2021-03-01,5.0,51014.0,12.83
21,Benin,BEN,AFRO,REPORTING,2022-10-16,3693045.0,3207889.0,30.463,26.461,2691413.0,22.201,"AstraZeneca - Vaxzevria,Janssen - Ad26.COV 2-S,Pfizer BioNTech - Comirnaty,SII - Covishield,Sinovac - CoronaVac",2021-03-29,5.0,,
22,Bermuda,BMU,AMRO,REPORTING,2022-10-28,132042.0,48554.0,212.037,77.97,47657.0,76.529,"AstraZeneca - Vaxzevria,Pfizer BioNTech - Comirnaty",2021-01-11,2.0,31829.0,51.112
23,Bhutan,BTN,SEARO,REPORTING,2022-10-30,2011426.0,699116.0,260.68,90.605,677669.0,87.826,"AstraZeneca - Vaxzevria,Beijing CNBG - BBIBP-CorV,Moderna - Spikevax,Pfizer BioNTech - Comirnaty,SII - Covishield",2021-03-27,5.0,634641.0,82.249
24,Bolivia (Plurinational State of),BOL,AMRO,REPORTING,2022-10-28,15448082.0,7416257.0,132.34,63.533,6222584.0,53.307,"AstraZeneca - Vaxzevria,Beijing CNBG - BBIBP-CorV,Gamaleya - Gam-Covid-Vac,Janssen - Ad26.COV 2-S,Moderna - Spikevax,Pfizer BioNTech - Comirnaty,SII - Covishield",2021-01-30,7.0,2302379.0,19.724
25,Bonaire,XAA,AMRO,REPORTING,2022-10-28,41537.0,17460.0,198.599,83.481,15919.0,76.113,,,,8158.0,39.005
26,"Bonaire, Sint Eustatius and Saba",BES,AMRO,OWID,2021-09-01,35845.0,19109.0,137.934,73.533,16736.0,64.401,"Moderna - mRNA-1273, Pfizer BioNTech - Comirnaty",,2.0,,
27,Bosnia and Herzegovina,BIH,EURO,REPORTING,2022-01-29,1924950.0,943394.0,58.7,28.755,846080.0,25.789,"AstraZeneca - AZD1222, Pfizer BioNTech - Comirnaty, Sinovac - CoronaVac, Gamaleya - Sputnik V",,4.0,,
28,Botswana,BWA,AFRO,REPORTING,2022-10-02,2891400.0,1589621.0,122.953,67.597,1378230.0,58.608,"Bharat - Covaxin,Janssen - Ad26.COV 2-S,Moderna - Spikevax,Pfizer BioNTech - Comirnaty,SII - Covishield,Sinovac - CoronaVac",2021-03-26,6.0,466951.0,19.857
29,Brazil,BRA,AMRO,REPORTING,2022-10-28,487760773.0,185061541.0,229.47,87.063,167647519.0,78.871,"AstraZeneca - Vaxzevria,Janssen - Ad26.COV 2-S,Pfizer BioNTech - Comirnaty,SII - Covishield,Sinovac - CoronaVac",2021-01-17,5.0,104747469.0,49.279
30,British Virgin Islands,VGB,AMRO,REPORTING,2022-10-28,41453.0,19466.0,137.094,64.378,18261.0,60.393,"AstraZeneca - Vaxzevria,Janssen - Ad26.COV 2-S",2021-02-11,2.0,3726.0,12.323
31,Brunei Darussalam,BRN,WPRO,REPORTING,2022-10-07,1278500.0,450060.0,292.243,102.876,445424.0,101.816,"AstraZeneca - Vaxzevria,Beijing CNBG - BBIBP-CorV,Janssen - Ad26.COV 2-S,Moderna - Spikevax,Pfizer BioNTech - Comirnaty",2021-04-03,5.0,337552.0,77.158
32,Bulgaria,BGR,EURO,REPORTING,2022-10-16,4566807.0,2103303.0,65.7,30.257,2074596.0,29.844,"AstraZeneca - Vaxzevria,Janssen - Ad26.COV 2-S,Moderna - Spikevax,Pfizer BioNTech - Comirnaty",2020-12-30,4.0,814226.0,11.713
33,Burkina Faso,BFA,AFRO,REPORTING,2022-10-02,4070678.0,3079151.0,19.474,14.73,2658480.0,12.718,"Beijing CNBG - BBIBP-CorV,Janssen - Ad26.COV 2-S,SII - Covishield",2021-06-02,3.0,,
34,Burundi,BDI,AFRO,REPORTING,2022-10-30,25983.0,24053.0,0.219,0.202,23471.0,0.197,Beijing CNBG - BBIBP-CorV,2021-10-18,1.0,53.0,0.0
35,Cabo Verde,CPV,AFRO,REPORTING,2022-09-25,859940.0,356734.0,154.669,64.162,308720.0,55.526,"Beijing CNBG - BBIBP-CorV,Moderna - Spikevax,Pfizer BioNTech - Comirnaty,SII - Covishield",2021-03-18,4.0,749.0,0.135
36,Cambodia,KHM,WPRO,REPORTING,2022-10-21,40463517.0,18317500.0,242.022,109.561,14578628.0,87.198,"AstraZeneca - Vaxzevria,Beijing CNBG - BBIBP-CorV,Janssen - Ad26.COV 2-S,Moderna - Spikevax,Pfizer BioNTech - Comirnaty,SII - Covishield,Sinovac - CoronaVac",2021-02-10,7.0,10272280.0,61.441
37,Cameroon,CMR,AFRO,REPORTING,2022-10-30,1924807.0,1638561.0,7.251,6.173,1286179.0,4.845,"Beijing CNBG - BBIBP-CorV,Janssen - Ad26.COV 2-S,Pfizer BioNTech - Comirnaty,SII - Covishield",2021-04-12,4.0,65518.0,0.247
38,Canada,CAN,AMRO,REPORTING,2022-10-28,89313710.0,32862216.0,236.642,87.07,31496105.0,83.451,"AstraZeneca - Vaxzevria,Janssen - Ad26.COV 2-S,Moderna - Spikevax,Pfizer BioNTech - Comirnaty,SII - Covishield",2020-12-14,5.0,19383516.0,51.358
39,Cayman Islands,CYM,AMRO,REPORTING,2022-10-28,149153.0,61787.0,226.952,94.016,60341.0,91.815,Pfizer BioNTech - Comirnaty,2021-01-15,1.0,24307.0,36.986
40,Central African Republic,CAF,AFRO,REPORTING,2022-10-23,1754834.0,1674402.0,36.334,34.668,1616195.0,33.463,"Bharat - Covaxin,SII - Covishield",2021-03-19,2.0,214090.0,4.433
41,Chad,TCD,AFRO,REPORTING,2022-10-02,3879297.0,3746216.0,23.617,22.807,3619014.0,22.032,Beijing CNBG - BBIBP-CorV,2021-06-04,1.0,,
42,Chile,CHL,AMRO,REPORTING,2022-10-28,62487951.0,18074974.0,326.885,94.553,17686528.0,92.521,"AstraZeneca - Vaxzevria,CanSino - Convidecia,Moderna - Spikevax,Pfizer BioNTech - Comirnaty,Sinovac - CoronaVac",2020-12-21,5.0,15680420.0,82.027
43,China,CHN,WPRO,REPORTING,2022-10-02,3457953632.0,1307474015.0,235.029,88.866,1277277509.0,86.814,"Anhui ZL - Zifivax,Beijing CNBG - BBIBP-CorV,CanSino - Convidecia,IMB - Covidful,Pfizer BioNTech - Comirnaty,Shenzhen - LV-SMENP-DC,Sinovac - CoronaVac,Wuhan CNBG - Inactivated",2020-07-22,8.0,776425498.0,52.772
44,Colombia,COL,AMRO,REPORTING,2022-10-28,89209704.0,42828694.0,175.324,84.171,36763427.0,72.251,"AstraZeneca - Vaxzevria,Janssen - Ad26.COV 2-S,Moderna - Spikevax,Pfizer BioNTech - Comirnaty,Sinovac - CoronaVac",2021-02-17,5.0,14301919.0,28.108
45,Comoros,COM,AFRO,REPORTING,2022-10-02,835021.0,438825.0,96.023,50.463,397080.0,45.662,"Beijing CNBG - BBIBP-CorV,Bharat - Covaxin,SII - Covishield",2021-04-10,3.0,,
46,Congo,COG,AFRO,REPORTING,2022-07-31,833210.0,695760.0,15.1,12.609,654119.0,11.854,"Beijing CNBG - BBIBP-CorV,Gamaleya - Gam-Covid-Vac,Moderna - Spikevax,SII - Covishield",2021-03-23,4.0,,
47,Cook Islands,COK,WPRO,REPORTING,2022-05-10,39612.0,15020.0,225.529,85.516,14676.0,83.557,Pfizer BioNTech - Comirnaty,2021-05-17,1.0,9916.0,56.456
48,Costa Rica,CRI,AMRO,REPORTING,2022-10-28,12169521.0,4500155.0,238.894,88.34,4219797.0,82.837,"AstraZeneca - Vaxzevria,Moderna - Spikevax,Pfizer BioNTech - Comirnaty",2020-12-24,3.0,2639586.0,51.816
49,Côte d’Ivoire,CIV,AFRO,REPORTING,2022-10-23,20588390.0,12681498.0,78.051,48.076,9215656.0,34.937,"Beijing CNBG - BBIBP-CorV,Gamaleya - Gam-Covid-Vac,Janssen - Ad26.COV 2-S,Pfizer BioNTech - Comirnaty,SII - Covishield",2021-03-01,5.0,1243021.0,4.712
50,Croatia,HRV,EURO,REPORTING,2022-10-16,5356347.0,2317443.0,132.0,57.14,2244157.0,55.3,"AstraZeneca - Vaxzevria,Janssen - Ad26.COV 2-S,Moderna - Spikevax,Novavax-NUVAXOVID,Pfizer BioNTech - Comirnaty,Unknown Vaccine",2020-12-23,6.0,954118.0,23.511
51,Cuba,CUB,AMRO,REPORTING,2022-10-28,37902951.0,10709268.0,334.636,94.55,9997315.0,88.264,"CIGB - CIGB-66,Finlay - Soberana Plus,Finlay - Soberana-02",,3.0,8621669.0,76.119
52,Curaçao,CUW,AMRO,REPORTING,2022-10-28,255511.0,108557.0,155.711,66.156,99917.0,60.89,"AstraZeneca - Vaxzevria,Moderna - Spikevax,Pfizer BioNTech - Comirnaty",2021-02-24,3.0,47037.0,28.665
53,Cyprus,CYP,EURO,REPORTING,2022-10-16,1824911.0,667243.0,205.5,75.14,655639.0,73.833,"AstraZeneca - Vaxzevria,Janssen - Ad26.COV 2-S,Moderna - Spikevax,Novavax-NUVAXOVID,Pfizer BioNTech - Comirnaty",2020-12-23,5.0,485225.0,54.642
54,Czechia,CZE,EURO,REPORTING,2022-10-16,18215235.0,6967841.0,170.3,65.157,6882776.0,64.361,"AstraZeneca - Vaxzevria,Janssen - Ad26.COV 2-S,Moderna - Spikevax,Novavax-NUVAXOVID,Pfizer BioNTech - Comirnaty",2020-12-23,5.0,4330325.0,40.493
55,Democratic Republic of the Congo,COD,AFRO,REPORTING,2022-10-23,6185534.0,6577469.0,6.906,7.344,5575771.0,6.226,SII - Covishield,2021-04-19,1.0,,
56,Denmark,DNK,EURO,REPORTING,2022-10-16,13189213.0,4808729.0,226.5,82.585,4771093.0,81.939,"AstraZeneca - Vaxzevria,Janssen - Ad26.COV 2-S,Moderna - Spikevax,Pfizer BioNTech - Comirnaty,Unknown Vaccine",2020-12-16,5.0,3655731.0,62.783
57,Djibouti,DJI,EMRO,REPORTING,2022-10-30,281656.0,261033.0,28.508,26.42,240665.0,24.359,"AstraZeneca - Vaxzevria,Beijing CNBG - BBIBP-CorV,Bharat - Covaxin,CanSino - Convidecia,Gamaleya - Gam-Covid-Vac,Gamaleya - Sputnik-Light,Janssen - Ad26.COV 2-S,Moderna - Spikevax,Pfizer BioNTech - Comirnaty,SII - Covishield,Sinovac - CoronaVac",2021-03-15,11.0,,
58,Dominica,DMA,AMRO,REPORTING,2022-10-28,67647.0,32995.0,93.966,45.832,30659.0,42.587,"AstraZeneca - Vaxzevria,Beijing CNBG - BBIBP-CorV,Moderna - Spikevax,Pfizer BioNTech - Comirnaty,SII - Covishield",2021-02-12,5.0,3993.0,5.547
59,Dominican Republic,DOM,AMRO,REPORTING,2022-10-28,15829545.0,7289316.0,145.923,67.196,6056545.0,55.831,"AstraZeneca - Vaxzevria,SII - Covishield,Sinovac - CoronaVac",2021-02-16,3.0,2483684.0,22.896
60,Ecuador,ECU,AMRO,REPORTING,2022-10-28,38492480.0,15281438.0,218.174,86.614,14163964.0,80.281,"AstraZeneca - Vaxzevria,CanSino - Convidecia,Pfizer BioNTech - Comirnaty,Sinovac - CoronaVac",2021-01-20,4.0,7369220.0,41.768
61,Egypt,EGY,EMRO,REPORTING,2022-10-30,100303642.0,53496777.0,98.016,52.276,39910404.0,39.0,"AstraZeneca - Vaxzevria,Beijing CNBG - BBIBP-CorV,Bharat - Covaxin,CanSino - Convidecia,Gamaleya - Gam-Covid-Vac,Gamaleya - Sputnik-Light,Janssen - Ad26.COV 2-S,Moderna - Spikevax,Pfizer BioNTech - Comirnaty,Sinovac - CoronaVac",2021-01-24,10.0,9564972.0,9.347
62,El Salvador,SLV,AMRO,REPORTING,2022-10-28,11250496.0,4634978.0,173.453,71.459,4329694.0,66.752,"AstraZeneca - Vaxzevria,Beijing CNBG - BBIBP-CorV,Moderna - Spikevax,Pfizer BioNTech - Comirnaty,SII - Covishield,Sinovac - CoronaVac",2021-02-17,6.0,1847442.0,28.483
63,Equatorial Guinea,GNQ,AFRO,REPORTING,2022-07-24,488738.0,270109.0,34.836,19.252,214032.0,15.255,"Beijing CNBG - BBIBP-CorV,Sinovac - CoronaVac",2021-02-12,2.0,4597.0,0.328
65,Estonia,EST,EURO,REPORTING,2022-10-16,2152705.0,844142.0,162.0,63.518,834837.0,62.818,"AstraZeneca - Vaxzevria,Janssen - Ad26.COV 2-S,Moderna - Spikevax,Novavax-NUVAXOVID,Pfizer BioNTech - Comirnaty",2020-12-23,5.0,481619.0,36.24
66,Eswatini,SWZ,AFRO,REPORTING,2022-09-25,773579.0,492300.0,66.678,42.434,490673.0,42.293,"Janssen - Ad26.COV 2-S,Pfizer BioNTech - Comirnaty,SII - Covishield",2021-03-19,3.0,147518.0,12.715
67,Ethiopia,ETH,AFRO,REPORTING,2022-07-31,52509414.0,43111242.0,45.675,37.5,36707357.0,31.93,"Beijing CNBG - BBIBP-CorV,Bharat - Covaxin,Janssen - Ad26.COV 2-S,SII - Covishield",2021-03-13,4.0,2421781.0,2.107
68,Falkland Islands (Malvinas),FLK,AMRO,REPORTING,2022-06-21,9390.0,3220.0,269.595,92.449,2976.0,85.444,AstraZeneca - AZD1222,,1.0,2543.0,73.012
69,Faroe Islands,FRO,EURO,OWID,2022-02-18,103894.0,41715.0,212.614,85.368,40895.0,83.69,"Moderna - mRNA-1273, Pfizer BioNTech - Comirnaty",,2.0,21284.0,43.557
70,Fiji,FJI,WPRO,REPORTING,2022-09-29,1542401.0,710182.0,172.058,79.222,638724.0,71.251,"AstraZeneca - Vaxzevria,Moderna - Spikevax,SII - Covishield",2021-03-07,3.0,166760.0,18.602
71,Finland,FIN,EURO,REPORTING,2022-10-16,12916648.0,4542768.0,233.8,82.218,4358358.0,78.88,"AstraZeneca - Vaxzevria,Janssen - Ad26.COV 2-S,Moderna - Spikevax,Pfizer BioNTech - Comirnaty,Unknown Vaccine",2020-12-23,5.0,3055298.0,55.297
72,France,FRA,EURO,REPORTING,2022-10-16,153069144.0,53664707.0,227.4,79.716,52157654.0,77.477,"AstraZeneca - Vaxzevria,Janssen - Ad26.COV 2-S,Moderna - Spikevax,Novavax-NUVAXOVID,Pfizer BioNTech - Comirnaty,Unknown Vaccine",2020-12-30,6.0,40710314.0,60.473
73,French Guiana,GUF,AMRO,REPORTING,2022-10-28,236613.0,99140.0,79.219,33.192,89666.0,30.021,"Moderna - Spikevax,Pfizer BioNTech - Comirnaty",2021-01-13,2.0,45474.0,15.225
74,French Polynesia,PYF,WPRO,REPORTING,2022-08-29,496275.0,190658.0,176.668,67.872,185669.0,66.096,"Janssen - Ad26.COV 2-S,Pfizer BioNTech - Comirnaty",2021-01-18,2.0,111840.0,39.814
75,Gabon,GAB,AFRO,REPORTING,2022-10-30,569829.0,310842.0,25.602,13.966,257322.0,11.561,"Beijing CNBG - BBIBP-CorV,Gamaleya - Gam-Covid-Vac,Pfizer BioNTech - Comirnaty",2021-03-23,3.0,2586.0,0.116
76,Gambia,GMB,AFRO,REPORTING,2022-08-07,815861.0,452514.0,33.76,18.725,357390.0,14.789,"Beijing CNBG - BBIBP-CorV,SII - Covishield",2021-03-10,2.0,9007.0,0.373
77,Georgia,GEO,EURO,REPORTING,2022-10-02,2720694.0,1293602.0,68.2,32.428,1178985.0,29.555,"AstraZeneca - Vaxzevria,Beijing CNBG - BBIBP-CorV,Pfizer BioNTech - Comirnaty,Sinovac - CoronaVac",2021-03-17,4.0,248107.0,6.22
78,Germany,DEU,EURO,REPORTING,2022-10-16,186739714.0,64797946.0,224.5,77.913,64887422.0,78.021,"AstraZeneca - Vaxzevria,Janssen - Ad26.COV 2-S,Moderna - Spikevax,Novavax-NUVAXOVID,Pfizer BioNTech - Comirnaty,Unknown Vaccine",2020-12-23,6.0,51811037.0,62.298
79,Ghana,GHA,AFRO,REPORTING,2022-10-30,20359448.0,11837459.0,65.521,38.096,8758799.0,28.188,"Gamaleya - Gam-Covid-Vac,SII - Covishield",2021-03-02,2.0,2329799.0,7.498
80,Gibraltar,GIB,EURO,OWID,2022-04-21,119855.0,42074.0,355.748,124.882,41421.0,122.944,"AstraZeneca - AZD1222, Pfizer BioNTech - Comirnaty",,2.0,36360.0,107.922
81,Greece,GRC,EURO,REPORTING,2022-10-16,21583328.0,7910910.0,201.4,73.806,7735464.0,72.169,"AstraZeneca - Vaxzevria,Janssen - Ad26.COV 2-S,Moderna - Spikevax,Novavax-NUVAXOVID,Pfizer BioNTech - Comirnaty",2020-12-23,5.0,5876425.0,54.825
82,Greenland,GRL,EURO,OWID,2022-03-07,79745.0,41243.0,140.465,72.647,38502.0,67.819,Moderna - mRNA-1273,,1.0,,
83,Grenada,GRD,AMRO,REPORTING,2022-10-28,90251.0,44093.0,80.207,39.186,38879.0,34.552,"AstraZeneca - Vaxzevria,Janssen - Ad26.COV 2-S,Moderna - Spikevax,Pfizer BioNTech - Comirnaty,SII - Covishield",2021-02-15,5.0,7279.0,6.469
84,Guadeloupe,GLP,AMRO,REPORTING,2022-10-28,389210.0,150620.0,97.272,37.643,144764.0,36.18,"AstraZeneca - Vaxzevria,Janssen - Ad26.COV 2-S,Moderna - Spikevax,Novavax-NUVAXOVID,Pfizer BioNTech - Comirnaty",2021-01-08,7.0,87652.0,21.906
85,Guam,GUM,WPRO,REPORTING,2022-08-23,368088.0,155225.0,218.094,91.972,141014.0,83.551,"Janssen - Ad26.COV 2-S,Moderna - Spikevax,Pfizer BioNTech - Comirnaty",2021-01-04,3.0,72131.0,42.738
86,Guatemala,GTM,AMRO,REPORTING,2022-10-28,19853919.0,8835536.0,110.819,49.318,6977744.0,38.948,"AstraZeneca - Vaxzevria,Gamaleya - Gam-Covid-Vac,Moderna - Spikevax,Pfizer BioNTech - Comirnaty,SII - Covishield",2021-02-25,5.0,3564825.0,19.898
88,Guinea,GIN,AFRO,REPORTING,2022-10-23,7626551.0,5209518.0,58.073,39.668,2983614.0,22.719,"Beijing CNBG - BBIBP-CorV,Gamaleya - Gam-Covid-Vac,Janssen - Ad26.COV 2-S,Pfizer BioNTech - Comirnaty,SII - Covishield,Sinovac - CoronaVac",2021-03-05,6.0,199848.0,1.522
89,Guinea-Bissau,GNB,AFRO,REPORTING,2022-09-18,673091.0,640393.0,34.202,32.54,404228.0,20.54,"Beijing CNBG - BBIBP-CorV,SII - Covishield",2021-04-02,2.0,745.0,0.038
90,Guyana,GUY,AMRO,REPORTING,2022-10-28,951613.0,492773.0,120.985,62.65,379432.0,48.24,"AstraZeneca - Vaxzevria,Beijing CNBG - BBIBP-CorV,Gamaleya - Gam-Covid-Vac,Janssen - Ad26.COV 2-S,Moderna - Spikevax,Pfizer BioNTech - Comirnaty,SII - Covishield",2021-02-11,7.0,75419.0,9.589
91,Haiti,HTI,AMRO,REPORTING,2022-10-28,509500.0,397765.0,4.468,3.488,236678.0,2.076,"Janssen - Ad26.COV 2-S,Moderna - Spikevax",,2.0,,
92,Honduras,HND,AMRO,REPORTING,2022-10-28,16406054.0,6404041.0,165.641,64.657,5699605.0,57.545,"AstraZeneca - Vaxzevria,Gamaleya - Gam-Covid-Vac,Janssen - Ad26.COV 2-S,Moderna - Spikevax,Pfizer BioNTech - Comirnaty,SII - Covishield",2021-02-22,6.0,4302783.0,43.442
93,Hungary,HUN,EURO,REPORTING,2022-10-16,16490460.0,6354545.0,168.8,65.045,6148113.0,62.932,"AstraZeneca - Vaxzevria,Beijing CNBG - BBIBP-CorV,Gamaleya - Gam-Covid-Vac,Janssen - Ad26.COV 2-S,Moderna - Spikevax,Pfizer BioNTech - Comirnaty,Sinovac - CoronaVac",2020-12-23,7.0,3861064.0,39.522
94,Iceland,ISL,EURO,REPORTING,2022-10-09,851665.0,307089.0,233.9,84.335,297677.0,81.749,"AstraZeneca - Vaxzevria,Janssen - Ad26.COV 2-S,Moderna - Spikevax,Pfizer BioNTech - Comirnaty",2020-12-30,4.0,253289.0,69.559
95,India,IND,SEARO,REPORTING,2022-10-31,2196382882.0,1025269233.0,159.158,74.295,950236624.0,68.858,"Bharat - Covaxin,Biological E - Corbevax,Gamaleya - Gam-Covid-Vac,Janssen - Ad26.COV 2-S,Moderna - Spikevax,SII - Covishield,SII - Covovax,Zydus - ZyCov-D",2021-01-16,8.0,220877025.0,16.006
96,Indonesia,IDN,SEARO,REPORTING,2022-10-30,439654699.0,204315646.0,160.737,74.698,170975417.0,62.508,"AstraZeneca - Vaxzevria,Beijing CNBG - BBIBP-CorV,Janssen - Ad26.COV 2-S,Moderna - Spikevax,Novavax-NUVAXOVID,Pfizer BioNTech - Comirnaty,Sinovac - CoronaVac",2021-01-13,7.0,64363636.0,23.531
97,Iran (Islamic Republic of),IRN,EMRO,REPORTING,2022-10-30,154491250.0,65064570.0,183.934,77.464,58465011.0,69.607,"AstraZeneca - Vaxzevria,Beijing CNBG - BBIBP-CorV,Bharat - Covaxin,CanSino - Convidecia,Finlay - Soberana-02,Gamaleya - Gam-Covid-Vac,Gamaleya - Sputnik-Light,Janssen - Ad26.COV 2-S,Moderna - Spikevax,Pfizer BioNTech - Comirnaty,Shifa - COVIran Barakat,Sinovac - CoronaVac",2021-02-09,12.0,30961669.0,36.862
98,Iraq,IRQ,EMRO,REPORTING,2022-10-23,19394050.0,11234347.0,48.217,27.931,7899315.0,19.639,"AstraZeneca - Vaxzevria,Beijing CNBG - BBIBP-CorV,Bharat - Covaxin,CanSino - Convidecia,Gamaleya - Gam-Covid-Vac,Gamaleya - Sputnik-Light,Janssen - Ad26.COV 2-S,Moderna - Spikevax,Pfizer BioNTech - Comirnaty,Sinovac - CoronaVac",2021-03-02,10.0,260388.0,0.647
99,Ireland,IRL,EURO,REPORTING,2022-10-09,11663862.0,4040268.0,234.9,83.929,4005217.0,80.678,"AstraZeneca - Vaxzevria,Janssen - Ad26.COV 2-S,Moderna - Spikevax,Novavax-NUVAXOVID,Pfizer BioNTech - Comirnaty",2020-12-30,5.0,3025769.0,60.949
100,Isle of Man,IMN,EURO,OWID,2022-06-23,189994.0,69560.0,223.438,81.804,67106.0,78.919,"Moderna - mRNA-1273, AstraZeneca - AZD1222, Pfizer BioNTech - Comirnaty",,3.0,53328.0,62.715
101,Israel,ISR,EURO,REPORTING,2022-06-05,15026951.0,7055466.0,173.6,81.514,6385731.0,73.776,"AstraZeneca - Vaxzevria,Moderna - Spikevax,Pfizer BioNTech - Comirnaty",2020-12-16,3.0,1585754.0,18.321
102,Italy,ITA,EURO,REPORTING,2022-10-16,140212718.0,50437198.0,235.1,84.572,47513380.0,79.665,"AstraZeneca - Vaxzevria,Janssen - Ad26.COV 2-S,Moderna - Spikevax,Novavax-NUVAXOVID,Pfizer BioNTech - Comirnaty",2020-12-23,5.0,42670045.0,71.544
103,Jamaica,JAM,AMRO,REPORTING,2022-10-28,1493518.0,834720.0,50.437,28.189,734016.0,24.788,"AstraZeneca - Vaxzevria,Beijing CNBG - BBIBP-CorV,Janssen - Ad26.COV 2-S,Pfizer BioNTech - Comirnaty,SII - Covishield",2021-03-10,5.0,44819.0,1.514
104,Japan,JPN,WPRO,REPORTING,2022-10-04,324593506.0,104222723.0,256.643,82.405,102856921.0,81.325,"AstraZeneca - Vaxzevria,Moderna - Spikevax,Novavax-NUVAXOVID,Pfizer BioNTech - Comirnaty",2021-02-17,4.0,82433822.0,65.177
105,Jersey,JEY,EURO,OWID,2022-10-23,255009.0,84157.0,236.566,78.071,81597.0,75.696,"Moderna - mRNA-1273, AstraZeneca - AZD1222, Pfizer BioNTech - Comirnaty",,3.0,73458.0,68.145
106,Jordan,JOR,EMRO,REPORTING,2022-08-21,10057975.0,4821579.0,98.577,47.256,4558313.0,44.676,"AstraZeneca - Vaxzevria,Beijing CNBG - BBIBP-CorV,Bharat - Covaxin,CanSino - Convidecia,Gamaleya - Gam-Covid-Vac,Gamaleya - Sputnik-Light,Janssen - Ad26.COV 2-S,Moderna - Spikevax,Pfizer BioNTech - Comirnaty,Sinovac - CoronaVac",2021-01-13,10.0,682211.0,6.686
107,Kazakhstan,KAZ,EURO,REPORTING,2022-10-09,32989949.0,12348706.0,175.7,65.766,13009889.0,69.287,"Beijing CNBG - BBIBP-CorV,Gamaleya - Gam-Covid-Vac,Pfizer BioNTech - Comirnaty,RIBSP - QazVac,Sinovac - CoronaVac",2021-04-07,5.0,6540409.0,34.833
108,Kenya,KEN,AFRO,REPORTING,2022-10-30,22457583.0,13969231.0,41.765,25.979,10564568.0,19.647,"Beijing CNBG - BBIBP-CorV,Janssen - Ad26.COV 2-S,Moderna - Spikevax,Pfizer BioNTech - Comirnaty,SII - Covishield",2021-03-05,5.0,1568659.0,2.917
109,Kiribati,KIR,WPRO,REPORTING,2022-09-26,182923.0,93685.0,153.139,78.431,70464.0,58.991,"AstraZeneca - Vaxzevria,Beijing CNBG - BBIBP-CorV",2021-05-26,2.0,18774.0,15.717
110,Kosovo,XKX,EURO,REPORTING,2022-10-09,1836002.0,904332.0,102.2,50.362,824492.0,45.916,"AstraZeneca - Vaxzevria,Pfizer BioNTech - Comirnaty",2021-03-31,2.0,105385.0,5.869
111,Kuwait,KWT,EMRO,REPORTING,2022-11-02,8235679.0,3449971.0,192.847,80.785,3340204.0,78.214,"AstraZeneca - Vaxzevria,Beijing CNBG - BBIBP-CorV,Bharat - Covaxin,CanSino - Convidecia,Gamaleya - Gam-Covid-Vac,Gamaleya - Sputnik-Light,Janssen - Ad26.COV 2-S,Moderna - Spikevax,Pfizer BioNTech - Comirnaty,Sinovac - CoronaVac",2020-12-28,10.0,1445504.0,33.848
112,Kyrgyzstan,KGZ,EURO,REPORTING,2022-10-09,2980022.0,1468553.0,45.7,22.509,1299738.0,19.922,"AstraZeneca - Vaxzevria,Beijing CNBG - BBIBP-CorV,Gamaleya - Gam-Covid-Vac,Moderna - Spikevax,Pfizer BioNTech - Comirnaty,RIBSP - QazVac",2021-03-31,6.0,211731.0,3.245
113,Lao People's Democratic Republic,LAO,WPRO,REPORTING,2022-09-30,12388167.0,5939256.0,170.271,81.633,5293537.0,72.758,"AstraZeneca - Vaxzevria,Beijing CNBG - BBIBP-CorV,Gamaleya - Gam-Covid-Vac,Gamaleya - Sputnik-Light,Janssen - Ad26.COV 2-S,Pfizer BioNTech - Comirnaty,SII - Covishield,Sinovac - CoronaVac",2020-11-25,8.0,1916136.0,26.337
114,Latvia,LVA,EURO,REPORTING,2022-09-18,2847648.0,1303023.0,149.3,68.304,1271589.0,66.656,"AstraZeneca - Vaxzevria,Janssen - Ad26.COV 2-S,Moderna - Spikevax,Novavax-NUVAXOVID,Pfizer BioNTech - Comirnaty",2020-12-30,5.0,541299.0,28.375
115,Lebanon,LBN,EMRO,REPORTING,2022-10-20,5797147.0,2733290.0,84.934,40.046,2408849.0,35.292,"AstraZeneca - Vaxzevria,Beijing CNBG - BBIBP-CorV,Bharat - Covaxin,CanSino - Convidecia,Gamaleya - Gam-Covid-Vac,Gamaleya - Sputnik-Light,Janssen - Ad26.COV 2-S,Moderna - Spikevax,Pfizer BioNTech - Comirnaty,Sinovac - CoronaVac",2021-02-14,10.0,655008.0,9.597
116,Lesotho,LSO,AFRO,REPORTING,2022-08-14,1102069.0,1631364.0,51.444,76.152,872661.0,40.736,"Beijing CNBG - BBIBP-CorV,Janssen - Ad26.COV 2-S,SII - Covishield",2021-03-10,3.0,61789.0,2.884
117,Liberia,LBR,AFRO,REPORTING,2022-10-16,4179219.0,3692705.0,82.631,73.012,3511588.0,69.431,SII - Covishield,2021-04-01,1.0,1987.0,0.039
118,Libya,LBY,EMRO,REPORTING,2022-10-02,3716080.0,2308724.0,54.081,33.6,1229888.0,17.899,"AstraZeneca - Vaxzevria,Beijing CNBG - BBIBP-CorV,Bharat - Covaxin,CanSino - Convidecia,Gamaleya - Gam-Covid-Vac,Gamaleya - Sputnik-Light,Janssen - Ad26.COV 2-S,Moderna - Spikevax,Pfizer BioNTech - Comirnaty,Sinovac - CoronaVac",2021-04-11,10.0,177468.0,2.583
119,Liechtenstein,LIE,OTHER,REPORTING,2022-04-10,71104.0,26681.0,183.5,68.86,26346.0,67.995,"Janssen - Ad26.COV 2-S,Moderna - Spikevax,Pfizer BioNTech - Comirnaty",2021-01-06,3.0,18310.0,47.255
120,Lithuania,LTU,EURO,REPORTING,2022-10-16,4495684.0,1954870.0,160.9,70.118,1905239.0,68.188,"AstraZeneca - Vaxzevria,Janssen - Ad26.COV 2-S,Moderna - Spikevax,Pfizer BioNTech - Comirnaty,Unknown Vaccine",2020-12-23,5.0,897820.0,32.133
121,Luxembourg,LUX,EURO,REPORTING,2022-10-16,1318917.0,469322.0,210.7,74.959,462706.0,73.902,"AstraZeneca - Vaxzevria,Janssen - Ad26.COV 2-S,Moderna - Spikevax,Novavax-NUVAXOVID,Pfizer BioNTech - Comirnaty",2020-12-30,5.0,367245.0,58.655
122,Madagascar,MDG,AFRO,REPORTING,2022-10-30,2069585.0,1793522.0,7.474,6.477,1722381.0,6.22,"Beijing CNBG - BBIBP-CorV,Janssen - Ad26.COV 2-S,SII - Covishield",2021-05-10,3.0,238771.0,0.862
123,Malawi,MWI,AFRO,REPORTING,2022-10-09,5619203.0,3748590.0,29.374,19.595,2949082.0,15.416,"Janssen - Ad26.COV 2-S,SII - Covishield",2021-03-11,2.0,197226.0,1.031
124,Malaysia,MYS,WPRO,REPORTING,2022-10-22,72171320.0,28107427.0,222.985,86.842,27516882.0,85.018,"AstraZeneca - Vaxzevria,Beijing CNBG - BBIBP-CorV,CanSino - Convidecia,Gamaleya - Gam-Covid-Vac,Janssen - Ad26.COV 2-S,Moderna - Spikevax,Pfizer BioNTech - Comirnaty,Sinovac - CoronaVac",2021-02-24,8.0,16248014.0,50.201
125,Maldives,MDV,SEARO,REPORTING,2022-10-17,951199.0,399126.0,175.971,73.838,385014.0,71.227,"AstraZeneca - Vaxzevria,Beijing CNBG - BBIBP-CorV,Gamaleya - Gam-Covid-Vac,Janssen - Ad26.COV 2-S,Moderna - Spikevax,Pfizer BioNTech - Comirnaty,SII - Covishield,Sinovac - CoronaVac",2021-02-01,8.0,167059.0,30.906
126,Mali,MLI,AFRO,REPORTING,2022-10-30,3615160.0,2631658.0,17.852,12.995,2110796.0,10.423,SII - Covishield,2021-03-31,1.0,,
127,Malta,MLT,EURO,REPORTING,2022-10-02,1273626.0,450426.0,247.5,87.535,444814.0,86.445,"AstraZeneca - Vaxzevria,Janssen - Ad26.COV 2-S,Moderna - Spikevax,Pfizer BioNTech - Comirnaty",2020-12-23,4.0,352052.0,68.418
128,Marshall Islands,MHL,WPRO,REPORTING,2022-09-26,103067.0,43458.0,174.117,73.416,36633.0,61.886,"Janssen - Ad26.COV 2-S,Moderna - Spikevax,Pfizer BioNTech - Comirnaty",2020-12-29,3.0,18559.0,31.353
129,Martinique,MTQ,AMRO,REPORTING,2022-10-28,393408.0,150002.0,104.835,39.972,144809.0,38.588,Pfizer BioNTech - Comirnaty,,1.0,92035.0,24.525
130,Mauritania,MRT,AFRO,REPORTING,2022-10-30,3252274.0,2008576.0,69.947,43.198,1426547.0,30.681,"Beijing CNBG - BBIBP-CorV,SII - Covishield",2021-03-26,2.0,295764.0,6.361
131,Mauritius,MUS,AFRO,REPORTING,2022-10-30,2610884.0,1123773.0,205.296,88.363,1088142.0,85.561,"Beijing CNBG - BBIBP-CorV,Bharat - Covaxin,SII - Covishield",2021-01-26,3.0,638510.0,50.206
132,Mexico,MEX,AMRO,REPORTING,2022-10-28,223158993.0,97179493.0,173.082,75.372,81849962.0,63.483,"AstraZeneca - Vaxzevria,CanSino - Convidecia,Gamaleya - Gam-Covid-Vac,Janssen - Ad26.COV 2-S,Moderna - Spikevax,Pfizer BioNTech - Comirnaty,Sinovac - CoronaVac",2020-12-24,7.0,57014052.0,44.22
133,Micronesia (Federated States of),FSM,WPRO,REPORTING,2022-08-20,170346.0,70204.0,148.097,61.035,66174.0,57.531,"AstraZeneca - Vaxzevria,Janssen - Ad26.COV 2-S,Moderna - Spikevax,Pfizer BioNTech - Comirnaty",2021-01-13,4.0,30537.0,26.549
134,Monaco,MCO,EURO,REPORTING,2022-09-04,69256.0,25233.0,176.5,64.298,24840.0,63.296,"AstraZeneca - Vaxzevria,Janssen - Ad26.COV 2-S,Moderna - Spikevax,Novavax - Covavax,Novavax-NUVAXOVID,Pfizer BioNTech - Comirnaty",2021-06-30,6.0,17621.0,44.901
135,Mongolia,MNG,WPRO,REPORTING,2022-10-21,5661358.0,2283182.0,172.692,69.646,2183781.0,66.613,"AstraZeneca - Vaxzevria,Beijing CNBG - BBIBP-CorV,Gamaleya - Gam-Covid-Vac,Moderna - Spikevax,Pfizer BioNTech - Comirnaty,SII - Covishield",2021-02-23,6.0,1055320.0,32.191
136,Montenegro,MNE,EURO,REPORTING,2022-10-16,526813.0,272544.0,83.9,43.826,254269.0,40.888,"AstraZeneca - Vaxzevria,Beijing CNBG - BBIBP-CorV,Gamaleya - Gam-Covid-Vac,Pfizer BioNTech - Comirnaty,Unknown Vaccine",2021-02-24,5.0,0.0,0.0
137,Montserrat,MSR,AMRO,REPORTING,2022-10-28,4564.0,2104.0,91.298,42.088,1950.0,39.008,AstraZeneca - Vaxzevria,2021-02-08,1.0,510.0,10.202
138,Morocco,MAR,EMRO,REPORTING,2022-11-02,55317568.0,25009841.0,149.869,67.758,23508519.0,63.69,"AstraZeneca - Vaxzevria,Beijing CNBG - BBIBP-CorV,Bharat - Covaxin,CanSino - Convidecia,Gamaleya - Gam-Covid-Vac,Gamaleya - Sputnik-Light,Janssen - Ad26.COV 2-S,Moderna - Spikevax,Pfizer BioNTech - Comirnaty,Sinovac - CoronaVac",2021-01-28,10.0,6896921.0,18.685
139,Mozambique,MOZ,AFRO,REPORTING,2022-10-30,19435780.0,18585783.0,62.184,59.464,13573329.0,43.427,"Beijing CNBG - BBIBP-CorV,Janssen - Ad26.COV 2-S,SII - Covishield",2021-03-08,3.0,730177.0,2.336
140,Myanmar,MMR,SEARO,REPORTING,2022-06-18,64549994.0,34777314.0,118.637,63.917,27545329.0,50.626,"Beijing CNBG - BBIBP-CorV,SII - Covishield",2021-01-27,2.0,2227351.0,4.094
141,Namibia,NAM,AFRO,REPORTING,2022-10-30,962898.0,596399.0,37.896,23.472,519505.0,20.446,"Beijing CNBG - BBIBP-CorV,Janssen - Ad26.COV 2-S,Pfizer BioNTech - Comirnaty,SII - Covishield",2021-03-19,4.0,159381.0,6.273
142,Nauru,NRU,WPRO,REPORTING,2022-07-11,24143.0,10493.0,222.845,96.853,8585.0,79.241,"AstraZeneca - Vaxzevria,SII - Covishield",2021-04-09,2.0,5065.0,46.751
143,Nepal,NPL,SEARO,REPORTING,2022-10-23,59118206.0,27290944.0,202.899,93.665,23389561.0,80.275,"AstraZeneca - Vaxzevria,Beijing CNBG - BBIBP-CorV,Bharat - Covaxin,Gamaleya - Gam-Covid-Vac,Janssen - Ad26.COV 2-S,Moderna - Spikevax,Pfizer BioNTech - Comirnaty,SII - Covishield",2021-01-27,8.0,8437701.0,28.959
144,Netherlands,NLD,EURO,REPORTING,2022-09-11,36105753.0,12776868.0,207.4,73.398,11957152.0,68.689,"AstraZeneca - Vaxzevria,Janssen - Ad26.COV 2-S,Moderna - Spikevax,Novavax-NUVAXOVID,Pfizer BioNTech - Comirnaty,Unknown Vaccine",2021-01-06,6.0,9417108.0,54.098
145,New Caledonia,NCL,WPRO,REPORTING,2022-09-26,469252.0,191568.0,164.363,67.1,184013.0,64.453,"Janssen - Ad26.COV 2-S,Pfizer BioNTech - Comirnaty",2021-01-20,2.0,93671.0,32.81
146,New Zealand,NZL,WPRO,REPORTING,2022-10-14,11804115.0,4255739.0,244.785,88.252,4095363.0,84.927,"AstraZeneca - Vaxzevria,Janssen - Ad26.COV 2-S,Novavax-NUVAXOVID,Pfizer BioNTech - Comirnaty",2021-02-19,4.0,2710218.0,56.203
147,Nicaragua,NIC,AMRO,REPORTING,2022-10-28,11910479.0,6104149.0,179.793,92.144,5806330.0,87.649,"AstraZeneca - Vaxzevria,CIGB - CIGB-66,Finlay - Soberana Plus,Finlay - Soberana-02,Gamaleya - Gam-Covid-Vac,Gamaleya - Sputnik-Light,Janssen - Ad26.COV 2-S,Pfizer BioNTech - Comirnaty,SII - Covishield",2021-03-03,9.0,,
148,Niger,NER,AFRO,REPORTING,2022-10-30,7042134.0,5935299.0,29.092,24.519,5176311.0,21.384,"Beijing CNBG - BBIBP-CorV,SII - Covishield",2021-03-29,2.0,,
149,Nigeria,NGA,AFRO,REPORTING,2022-10-30,87872150.0,60946631.0,42.627,29.566,48312871.0,23.437,SII - Covishield,2021-03-05,1.0,5626364.0,2.729
150,Niue,NIU,WPRO,REPORTING,2022-08-02,4180.0,1650.0,258.344,101.978,1436.0,88.752,Pfizer BioNTech - Comirnaty,2021-06-08,1.0,1094.0,67.614
151,North Macedonia,MKD,EURO,REPORTING,2022-10-09,1861953.0,854335.0,89.4,41.148,837932.0,40.358,"AstraZeneca - Vaxzevria,Beijing CNBG - BBIBP-CorV,Gamaleya - Gam-Covid-Vac,Moderna - Spikevax,Pfizer BioNTech - Comirnaty,Sinovac - CoronaVac,Wuhan CNBG - Inactivated",2021-02-17,7.0,161328.0,7.77
152,Northern Mariana Islands (Commonwealth of the),MNP,WPRO,REPORTING,2022-09-19,115886.0,46340.0,201.341,80.511,45046.0,78.263,"Janssen - Ad26.COV 2-S,Moderna - Spikevax,Pfizer BioNTech - Comirnaty",2020-12-19,3.0,24500.0,42.566
153,Norway,NOR,EURO,REPORTING,2022-10-16,11881760.0,4344292.0,221.4,80.936,4058588.0,75.613,"AstraZeneca - Vaxzevria,Janssen - Ad26.COV 2-S,Moderna - Spikevax,Pfizer BioNTech - Comirnaty",2020-12-23,4.0,2991787.0,55.738
154,occupied Palestinian territory,PSE,EMRO,REPORTING,2022-10-18,3748571.0,2012767.0,73.481,39.455,1776973.0,34.833,"AstraZeneca - Vaxzevria,Beijing CNBG - BBIBP-CorV,Bharat - Covaxin,CanSino - Convidecia,Gamaleya - Gam-Covid-Vac,Gamaleya - Sputnik-Light,Janssen - Ad26.COV 2-S,Moderna - Spikevax,Pfizer BioNTech - Comirnaty,Sinovac - CoronaVac",2021-02-02,10.0,336967.0,6.605
155,Oman,OMN,EMRO,REPORTING,2022-10-25,7086050.0,3257365.0,138.762,63.787,3048826.0,59.703,"AstraZeneca - Vaxzevria,Beijing CNBG - BBIBP-CorV,Bharat - Covaxin,CanSino - Convidecia,Gamaleya - Gam-Covid-Vac,Gamaleya - Sputnik-Light,Janssen - Ad26.COV 2-S,Moderna - Spikevax,Pfizer BioNTech - Comirnaty,SII - Covishield,Sinovac - CoronaVac",2020-12-29,11.0,779859.0,15.272
156,Pakistan,PAK,EMRO,REPORTING,2022-10-31,314087995.0,154441360.0,142.191,69.917,131262342.0,59.424,"AstraZeneca - Vaxzevria,Beijing CNBG - BBIBP-CorV,Bharat - Covaxin,CanSino - Convidecia,Gamaleya - Gam-Covid-Vac,Gamaleya - Sputnik-Light,Janssen - Ad26.COV 2-S,Moderna - Spikevax,Pfizer BioNTech - Comirnaty,SII - Covishield,Sinovac - CoronaVac",2021-02-03,11.0,46226871.0,20.927
157,Palau,PLW,WPRO,REPORTING,2022-09-06,50160.0,20094.0,277.25,111.066,18403.0,101.719,"Janssen - Ad26.COV 2-S,Moderna - Spikevax,Pfizer BioNTech - Comirnaty",2021-01-03,3.0,12856.0,71.059
158,Panama,PAN,AMRO,REPORTING,2022-10-28,8662543.0,3511315.0,200.765,81.379,3157799.0,73.186,"AstraZeneca - Vaxzevria,Pfizer BioNTech - Comirnaty",2021-01-20,2.0,1743751.0,40.414
159,Papua New Guinea,PNG,WPRO,REPORTING,2022-10-23,492326.0,357694.0,5.503,3.998,297814.0,3.329,"AstraZeneca - Vaxzevria,Beijing CNBG - BBIBP-CorV,Janssen - Ad26.COV 2-S,SII - Covishield",2021-03-30,4.0,28516.0,0.319
160,Paraguay,PRY,AMRO,REPORTING,2022-10-28,9419313.0,3967215.0,132.061,55.621,3518399.0,49.329,"AstraZeneca - Vaxzevria,Beijing CNBG - BBIBP-CorV,Bharat - Covaxin,Gamaleya - Gam-Covid-Vac,Julphar - Hayat-Vax,Moderna - Spikevax,Pfizer BioNTech - Comirnaty,Sinovac - CoronaVac",2021-02-22,8.0,1617513.0,22.678
161,Peru,PER,AMRO,REPORTING,2022-10-28,84981554.0,29908445.0,257.74,90.709,28280111.0,85.77,"AstraZeneca - Vaxzevria,Beijing CNBG - BBIBP-CorV,Moderna - Spikevax,Pfizer BioNTech - Comirnaty",2021-02-09,4.0,21376479.0,64.833
162,Philippines,PHL,WPRO,REPORTING,2022-10-20,167639203.0,77994168.0,152.982,71.175,73449131.0,67.027,"AstraZeneca - Vaxzevria,Beijing CNBG - BBIBP-CorV,Bharat - Covaxin,Gamaleya - Gam-Covid-Vac,Gamaleya - Sputnik-Light,Janssen - Ad26.COV 2-S,Julphar - Hayat-Vax,Moderna - Spikevax,Novavax-NUVAXOVID,Pfizer BioNTech - Comirnaty,Sinovac - CoronaVac",2021-03-01,11.0,20425579.0,18.64
163,Pitcairn Islands,PCN,WPRO,REPORTING,2022-02-28,138.0,55.0,276.0,110.0,37.0,74.0,AstraZeneca - Vaxzevria,2021-05-17,1.0,23.0,46.0
164,Poland,POL,EURO,REPORTING,2022-10-16,57383999.0,22901670.0,151.2,60.334,22625720.0,59.607,"AstraZeneca - Vaxzevria,Janssen - Ad26.COV 2-S,Moderna - Spikevax,Novavax-NUVAXOVID,Pfizer BioNTech - Comirnaty",2020-12-23,5.0,12426877.0,32.738
165,Portugal,PRT,EURO,REPORTING,2022-10-16,25658974.0,9760014.0,249.2,94.891,8873102.0,86.181,"AstraZeneca - Vaxzevria,Beijing CNBG - BBIBP-CorV,Bharat - Covaxin,Janssen - Ad26.COV 2-S,Moderna - Spikevax,Novavax-NUVAXOVID,Pfizer BioNTech - Comirnaty,Sinovac - CoronaVac",2020-12-23,8.0,6946902.0,67.472
166,Puerto Rico,PRI,AMRO,REPORTING,2022-10-28,7798061.0,3117448.0,272.578,108.969,2748798.0,96.083,"Janssen - Ad26.COV 2-S,Moderna - Spikevax,Novavax-NUVAXOVID,Pfizer BioNTech - Comirnaty",,4.0,1723166.0,60.233
167,Qatar,QAT,EMRO,REPORTING,2022-11-01,7592322.0,2847595.0,263.526,98.839,2847594.0,98.839,"AstraZeneca - Vaxzevria,Beijing CNBG - BBIBP-CorV,Bharat - Covaxin,CanSino - Convidecia,Gamaleya - Gam-Covid-Vac,Gamaleya - Sputnik-Light,Janssen - Ad26.COV 2-S,Moderna - Spikevax,Pfizer BioNTech - Comirnaty,Sinovac - CoronaVac",,10.0,1897133.0,65.849
168,Republic of Korea,KOR,WPRO,REPORTING,2022-09-30,130834289.0,45113628.0,255.191,87.994,44678807.0,87.146,"AstraZeneca - Vaxzevria,Janssen - Ad26.COV 2-S,Moderna - Spikevax,Novavax-NUVAXOVID,Pfizer BioNTech - Comirnaty",2021-02-26,5.0,33600655.0,65.538
169,Republic of Moldova,MDA,EURO,REPORTING,2022-09-18,2241785.0,1101302.0,55.6,27.301,1071341.0,26.558,"AstraZeneca - Vaxzevria,Beijing CNBG - BBIBP-CorV,Gamaleya - Gam-Covid-Vac,Janssen - Ad26.COV 2-S,Moderna - Spikevax,Pfizer BioNTech - Comirnaty,Sinovac - CoronaVac",2021-03-03,7.0,370563.0,9.186
170,Romania,ROU,EURO,REPORTING,2022-10-16,16083871.0,8183574.0,83.2,42.339,8136562.0,42.095,"AstraZeneca - Vaxzevria,Janssen - Ad26.COV 2-S,Moderna - Spikevax,Pfizer BioNTech - Comirnaty",2021-01-27,4.0,1761712.0,9.114
171,Russian Federation,RUS,EURO,OWID,2022-10-31,179202586.0,85406305.0,122.8,58.524,77321901.0,52.984,"SRCVB - EpiVacCorona, Gamaleya - Sputnik V",,2.0,,
172,Rwanda,RWA,AFRO,REPORTING,2022-10-23,26106436.0,9547259.0,201.56,73.711,8962371.0,69.196,"Beijing CNBG - BBIBP-CorV,Gamaleya - Gam-Covid-Vac,Janssen - Ad26.COV 2-S,Moderna - Spikevax,Pfizer BioNTech - Comirnaty,SII - Covishield,Sinovac - CoronaVac",2021-03-05,7.0,5562376.0,42.945
173,Saba,XCA,AMRO,REPORTING,2022-10-28,4471.0,1687.0,231.298,87.274,1657.0,85.722,,,,1127.0,58.303
174,Saint Helena,SHN,AFRO,OWID,2021-05-05,7892.0,4361.0,129.995,71.833,3531.0,58.162,AstraZeneca - AZD1222,,1.0,,
175,Saint Kitts and Nevis,KNA,AMRO,REPORTING,2022-10-28,64225.0,33794.0,120.742,63.532,26944.0,50.654,"AstraZeneca - Vaxzevria,Pfizer BioNTech - Comirnaty,SII - Covishield",2021-02-22,3.0,3465.0,6.514
176,Saint Lucia,LCA,AMRO,REPORTING,2022-10-28,122977.0,60140.0,66.971,32.751,54971.0,29.936,"AstraZeneca - Vaxzevria,Janssen - Ad26.COV 2-S,Moderna - Spikevax,Pfizer BioNTech - Comirnaty,SII - Covishield",2021-02-17,5.0,7866.0,4.284
177,Saint Vincent and the Grenadines,VCT,AMRO,REPORTING,2022-10-28,72941.0,37311.0,65.748,33.632,31433.0,28.333,"AstraZeneca - Vaxzevria,Gamaleya - Gam-Covid-Vac,Gamaleya - Sputnik-Light,Pfizer BioNTech - Comirnaty,SII - Covishield",2021-02-01,5.0,4197.0,3.783
178,Samoa,WSM,WPRO,REPORTING,2022-09-26,440413.0,191071.0,221.967,96.299,177489.0,89.454,"AstraZeneca - Vaxzevria,Pfizer BioNTech - Comirnaty",2021-04-18,2.0,71853.0,36.214
179,San Marino,SMR,EURO,REPORTING,2022-05-22,69338.0,26357.0,204.3,76.501,23633.0,68.595,"Gamaleya - Gam-Covid-Vac,Pfizer BioNTech - Comirnaty",2021-02-24,2.0,19348.0,56.158
180,Sao Tome and Principe,STP,AFRO,REPORTING,2022-10-23,227603.0,127410.0,103.853,58.136,103508.0,47.23,"AstraZeneca - Vaxzevria,SII - Covishield",2021-03-15,2.0,32393.0,14.781
181,Saudi Arabia,SAU,EMRO,REPORTING,2022-10-27,67979420.0,26918732.0,195.265,77.322,25320917.0,72.732,"AstraZeneca - Vaxzevria,Beijing CNBG - BBIBP-CorV,Bharat - Covaxin,CanSino - Convidecia,Gamaleya - Gam-Covid-Vac,Gamaleya - Sputnik-Light,Janssen - Ad26.COV 2-S,Moderna - Spikevax,Pfizer BioNTech - Comirnaty,Sinovac - CoronaVac",2021-01-06,10.0,15739771.0,45.211
182,Senegal,SEN,AFRO,REPORTING,2022-10-23,2469499.0,1732282.0,14.749,10.346,1263032.0,7.543,"Beijing CNBG - BBIBP-CorV,Janssen - Ad26.COV 2-S,SII - Covishield",2021-02-23,3.0,591916.0,3.535
183,Serbia,SRB,EURO,REPORTING,2022-09-04,6717622.0,3396340.0,97.0,49.033,3321282.0,47.949,"AstraZeneca - Vaxzevria,Beijing CNBG - BBIBP-CorV,Gamaleya - Gam-Covid-Vac,Moderna - Spikevax,Pfizer BioNTech - Comirnaty",2020-12-23,5.0,0.0,0.0
184,Seychelles,SYC,AFRO,REPORTING,2022-10-23,217487.0,85655.0,221.142,87.095,81494.0,82.864,"Beijing CNBG - BBIBP-CorV,Gamaleya - Gam-Covid-Vac,Julphar - Hayat-Vax,SII - Covishield",2021-01-10,4.0,43749.0,44.484
185,Sierra Leone,SLE,AFRO,REPORTING,2022-10-30,4834206.0,3513208.0,60.602,44.042,2736804.0,34.309,"Beijing CNBG - BBIBP-CorV,SII - Covishield",2021-03-15,2.0,71618.0,0.898
186,Singapore,SGP,WPRO,REPORTING,2022-09-28,14695435.0,5161367.0,251.189,88.223,5120432.0,87.524,"AstraZeneca - Vaxzevria,Beijing CNBG - BBIBP-CorV,Moderna - Spikevax,Pfizer BioNTech - Comirnaty",2020-12-30,4.0,4413636.0,75.442
187,Sint Eustatius,XBA,AMRO,REPORTING,2022-10-28,4257.0,1791.0,135.616,57.056,1686.0,53.711,,,,780.0,24.849
188,Sint Maarten,SXM,AMRO,REPORTING,2022-10-28,65324.0,29788.0,152.334,69.465,26515.0,61.832,"AstraZeneca - Vaxzevria,Moderna - Spikevax,Pfizer BioNTech - Comirnaty",2021-02-22,3.0,9021.0,21.037
189,Slovakia,SVK,EURO,REPORTING,2022-10-16,7176980.0,2838635.0,131.5,52.01,2790217.0,51.123,"AstraZeneca - Vaxzevria,Gamaleya - Gam-Covid-Vac,Janssen - Ad26.COV 2-S,Moderna - Spikevax,Novavax-NUVAXOVID,Pfizer BioNTech - Comirnaty",2021-01-06,6.0,1683402.0,30.844
190,Slovenia,SVN,EURO,REPORTING,2022-10-16,2999524.0,1233013.0,143.1,58.831,1202504.0,57.375,"AstraZeneca - Vaxzevria,Janssen - Ad26.COV 2-S,Moderna - Spikevax,Novavax-NUVAXOVID,Pfizer BioNTech - Comirnaty",2020-12-23,5.0,654976.0,31.251
191,Solomon Islands,SLB,WPRO,REPORTING,2022-10-09,540361.0,315969.0,78.668,46.0,212173.0,30.889,"AstraZeneca - Vaxzevria,Beijing CNBG - BBIBP-CorV,Pfizer BioNTech - Comirnaty,SII - Covishield",2021-03-23,4.0,14725.0,2.144
192,Somalia,SOM,EMRO,REPORTING,2022-10-30,8132773.0,7137557.0,51.171,44.909,5936922.0,37.355,"AstraZeneca - Vaxzevria,Beijing CNBG - BBIBP-CorV,Bharat - Covaxin,CanSino - Convidecia,Gamaleya - Gam-Covid-Vac,Gamaleya - Sputnik-Light,Janssen - Ad26.COV 2-S,Moderna - Spikevax,Pfizer BioNTech - Comirnaty,SII - Covishield,Sinovac - CoronaVac",2021-03-16,11.0,,
193,South Africa,ZAF,AFRO,REPORTING,2022-10-30,37796915.0,23825968.0,63.729,40.173,20898618.0,35.237,"Janssen - Ad26.COV 2-S,Pfizer BioNTech - Comirnaty",2021-02-17,2.0,3789414.0,6.389
194,South Sudan,SSD,AFRO,REPORTING,2022-10-30,2180708.0,2143114.0,19.482,19.146,2101283.0,18.772,"Janssen - Ad26.COV 2-S,SII - Covishield",2021-04-06,2.0,,
195,Spain,ESP,EURO,REPORTING,2022-10-16,103064170.0,41287568.0,217.7,87.229,37488975.0,79.203,"AstraZeneca - Vaxzevria,Janssen - Ad26.COV 2-S,Moderna - Spikevax,Pfizer BioNTech - Comirnaty",2020-12-30,4.0,26001927.0,54.934
196,Sri Lanka,LKA,SEARO,REPORTING,2022-10-30,40116590.0,17143761.0,187.345,80.061,14752827.0,68.896,"AstraZeneca - Vaxzevria,Beijing CNBG - BBIBP-CorV,Gamaleya - Gam-Covid-Vac,Moderna - Spikevax,Pfizer BioNTech - Comirnaty,SII - Covishield",2021-01-29,6.0,8220002.0,38.387
197,Sudan,SDN,EMRO,REPORTING,2022-05-30,8179010.0,6651268.0,18.653,15.168,4536964.0,10.347,"AstraZeneca - Vaxzevria,Beijing CNBG - BBIBP-CorV,Bharat - Covaxin,CanSino - Convidecia,Gamaleya - Gam-Covid-Vac,Gamaleya - Sputnik-Light,Janssen - Ad26.COV 2-S,Moderna - Spikevax,Pfizer BioNTech - Comirnaty,SII - Covishield,Sinovac - CoronaVac",2021-03-09,11.0,50234.0,0.115
198,Suriname,SUR,AMRO,REPORTING,2022-10-28,554588.0,267820.0,94.538,45.654,237879.0,40.55,"AstraZeneca - Vaxzevria,Beijing CNBG - BBIBP-CorV,Moderna - Spikevax,Pfizer BioNTech - Comirnaty,SII - Covishield",2021-02-23,5.0,48889.0,8.334
199,Sweden,SWE,EURO,REPORTING,2022-10-16,22750237.0,7504601.0,220.3,72.666,7366812.0,71.331,"AstraZeneca - Vaxzevria,Moderna - Spikevax,Novavax-NUVAXOVID,Pfizer BioNTech - Comirnaty,Unknown Vaccine",2020-12-23,5.0,5525594.0,53.503
200,Switzerland,CHE,EURO,REPORTING,2022-10-09,15844749.0,6092913.0,183.1,70.798,5718238.0,66.445,"Janssen - Ad26.COV 2-S,Moderna - Spikevax,Novavax-NUVAXOVID,Pfizer BioNTech - Comirnaty",2020-12-23,4.0,4093370.0,47.564
201,Syrian Arab Republic,SYR,EMRO,REPORTING,2022-10-16,4777586.0,3050850.0,27.299,17.433,2105113.0,12.029,"AstraZeneca - Vaxzevria,Beijing CNBG - BBIBP-CorV,Bharat - Covaxin,CanSino - Convidecia,Gamaleya - Gam-Covid-Vac,Gamaleya - Sputnik-Light,Janssen - Ad26.COV 2-S,Moderna - Spikevax,Pfizer BioNTech - Comirnaty,SII - Covishield,Sinovac - CoronaVac",2021-04-01,11.0,75881.0,0.434
202,Tajikistan,TJK,EURO,REPORTING,2022-08-21,15441380.0,5282863.0,161.9,55.39,5120562.0,53.688,"AstraZeneca - Vaxzevria,Gamaleya - Gam-Covid-Vac,Moderna - Spikevax,Pfizer BioNTech - Comirnaty,SII - Covishield,Sinovac - CoronaVac",2021-03-24,6.0,4951036.0,51.91
203,Thailand,THA,SEARO,REPORTING,2022-09-30,142635014.0,57005497.0,204.348,81.67,53486086.0,76.628,"AstraZeneca - Vaxzevria,Beijing CNBG - BBIBP-CorV,Janssen - Ad26.COV 2-S,Moderna - Spikevax,Pfizer BioNTech - Comirnaty,SII - Covishield,SII - Covovax,Sinovac - CoronaVac",2021-02-28,8.0,32143431.0,46.051
204,The United Kingdom,GBR,EURO,REPORTING,2022-09-11,151248820.0,53813491.0,222.8,79.068,50762968.0,74.586,"AstraZeneca - Vaxzevria,Moderna - Spikevax,Pfizer BioNTech - Comirnaty",2020-12-21,3.0,,
205,Timor-Leste,TLS,SEARO,REPORTING,2022-10-29,1856567.0,859542.0,140.815,65.194,758817.0,57.554,"AstraZeneca - Vaxzevria,Pfizer BioNTech - Comirnaty,SII - Covishield,Sinovac - CoronaVac",2021-04-07,4.0,238208.0,18.067
206,Togo,TGO,AFRO,REPORTING,2022-10-30,3381542.0,2232792.0,40.846,26.97,1451712.0,17.535,SII - Covishield,2021-03-10,1.0,138868.0,1.677
207,Tokelau,TKL,WPRO,REPORTING,2022-09-05,4924.0,1494.0,364.741,110.667,1494.0,110.667,Pfizer BioNTech - Comirnaty,2021-07-20,1.0,968.0,71.704
208,Tonga,TON,WPRO,REPORTING,2022-10-10,203004.0,87242.0,192.066,82.541,76800.0,72.662,"AstraZeneca - Vaxzevria,Pfizer BioNTech - Comirnaty",2021-04-14,2.0,38082.0,36.03
209,Trinidad and Tobago,TTO,AMRO,REPORTING,2022-10-28,1582011.0,753588.0,113.042,53.847,717614.0,51.277,"AstraZeneca - Vaxzevria,Beijing CNBG - BBIBP-CorV,Janssen - Ad26.COV 2-S,Pfizer BioNTech - Comirnaty,SII - Covishield",2021-02-17,5.0,169016.0,12.077
210,Tunisia,TUN,EMRO,REPORTING,2022-11-01,13154159.0,7209983.0,111.3,61.005,6384739.0,54.023,"AstraZeneca - Vaxzevria,Beijing CNBG - BBIBP-CorV,Bharat - Covaxin,CanSino - Convidecia,Gamaleya - Gam-Covid-Vac,Gamaleya - Sputnik-Light,Janssen - Ad26.COV 2-S,Moderna - Spikevax,Pfizer BioNTech - Comirnaty,Sinovac - CoronaVac",2021-03-13,10.0,1250615.0,10.582
211,Turkey,TUR,EURO,OWID,2022-10-31,152405372.0,57932853.0,,69.669,53167127.0,63.937,"Pfizer BioNTech - Comirnaty, Sinovac - CoronaVac, Turkovac",,3.0,,
212,Turkmenistan,TKM,EURO,REPORTING,2022-09-04,13514000.0,3728000.0,224.1,61.812,3689000.0,61.165,"Anhui ZL - Zifivax,AstraZeneca - Vaxzevria,Beijing CNBG - BBIBP-CorV,Gamaleya - Gam-Covid-Vac,RIBSP - QazVac,SRCVB - EpiVacCorona,Unknown Vaccine",2021-02-24,7.0,3340000.0,55.379
213,Turks and Caicos Islands,TCA,AMRO,REPORTING,2022-10-28,72837.0,32338.0,188.122,83.522,30288.0,78.227,Pfizer BioNTech - Comirnaty,2021-01-11,1.0,7272.0,18.782
214,Tuvalu,TUV,WPRO,REPORTING,2022-08-31,25591.0,9603.0,217.02,81.437,9322.0,79.054,AstraZeneca - Vaxzevria,2021-04-13,1.0,5528.0,46.879
215,Uganda,UGA,AFRO,REPORTING,2022-10-09,25783131.0,18867075.0,56.368,41.248,12765601.0,27.908,"Janssen - Ad26.COV 2-S,Moderna - Spikevax,Pfizer BioNTech - Comirnaty,SII - Covishield,Sinovac - CoronaVac",2021-03-10,5.0,431349.0,0.943
216,Ukraine,UKR,EURO,REPORTING,2022-02-27,31668577.0,15774300.0,72.4,36.069,15153577.0,34.65,"AstraZeneca - Vaxzevria,Janssen - Ad26.COV 2-S,Moderna - Spikevax,Pfizer BioNTech - Comirnaty,SII - Covishield,Sinovac - CoronaVac",2021-02-24,6.0,741197.0,1.695
217,United Arab Emirates,ARE,EMRO,REPORTING,2022-07-06,24922054.0,9991089.0,251.982,101.018,9792266.0,99.008,"AstraZeneca - Vaxzevria,Beijing CNBG - BBIBP-CorV,Bharat - Covaxin,CanSino - Convidecia,Gamaleya - Gam-Covid-Vac,Gamaleya - Sputnik-Light,Janssen - Ad26.COV 2-S,Moderna - Spikevax,Pfizer BioNTech - Comirnaty,SII - Covishield,Sinovac - CoronaVac",,11.0,5138699.0,51.956
218,United Republic of Tanzania,TZA,AFRO,REPORTING,2022-10-30,31047338.0,26392125.0,51.976,44.183,24524930.0,41.057,"Beijing CNBG - BBIBP-CorV,Janssen - Ad26.COV 2-S,Pfizer BioNTech - Comirnaty",2021-07-28,3.0,,
219,United States of America,USA,AMRO,REPORTING,2022-10-28,629073496.0,262914024.0,190.051,79.43,224185029.0,67.729,"Janssen - Ad26.COV 2-S,Moderna - Spikevax,Novavax-NUVAXOVID,Pfizer BioNTech - Comirnaty",2020-12-14,4.0,110125673.0,33.27
220,Uruguay,URY,AMRO,REPORTING,2022-10-28,8744104.0,3001907.0,251.721,86.417,2894080.0,83.313,"AstraZeneca - Vaxzevria,Pfizer BioNTech - Comirnaty,Sinovac - CoronaVac",2021-02-27,3.0,2064398.0,59.429
221,Uzbekistan,UZB,EURO,REPORTING,2022-10-09,69218586.0,21037140.0,206.8,62.855,17201955.0,51.396,"Anhui ZL - Zifivax,Gamaleya - Gam-Covid-Vac,Gamaleya - Sputnik-Light,Moderna - Spikevax,Pfizer BioNTech - Comirnaty,SII - Covishield,Sinovac - CoronaVac,Unknown Vaccine",2021-04-28,8.0,14334007.0,42.827
222,Vanuatu,VUT,WPRO,REPORTING,2022-08-28,292146.0,144290.0,95.117,46.978,131300.0,42.749,"AstraZeneca - Vaxzevria,Beijing CNBG - BBIBP-CorV,Janssen - Ad26.COV 2-S",2021-06-02,3.0,16556.0,5.39
223,Venezuela (Bolivarian Republic of),VEN,AMRO,REPORTING,2022-10-28,37860994.0,22157232.0,133.145,77.92,14287370.0,50.244,"Beijing CNBG - BBIBP-CorV,CIGB - CIGB-66,Finlay - Soberana-02,Gamaleya - Gam-Covid-Vac,Gamaleya - Sputnik-Light,Sinovac - CoronaVac",2021-02-22,6.0,651502.0,2.291
224,Viet Nam,VNM,WPRO,REPORTING,2022-10-20,261059430.0,90044496.0,268.197,92.506,84433722.0,86.742,"AstraZeneca - Vaxzevria,Beijing CNBG - BBIBP-CorV,CIGB - CIGB-66,Gamaleya - Gam-Covid-Vac,Moderna - Spikevax,Pfizer BioNTech - Comirnaty",2021-03-08,6.0,56250109.0,57.788
225,Wallis and Futuna,WLF,WPRO,REPORTING,2022-07-26,16782.0,6592.0,149.226,58.616,6989.0,62.147,Moderna - Spikevax,2021-03-19,1.0,3201.0,28.463
226,Yemen,YEM,EMRO,REPORTING,2022-10-30,1145868.0,914722.0,3.842,3.067,676019.0,2.267,"AstraZeneca - Vaxzevria,Beijing CNBG - BBIBP-CorV,Bharat - Covaxin,CanSino - Convidecia,Gamaleya - Gam-Covid-Vac,Gamaleya - Sputnik-Light,Janssen - Ad26.COV 2-S,Moderna - Spikevax,Pfizer BioNTech - Comirnaty,SII - Covishield,Sinovac - CoronaVac",2021-04-20,11.0,54985.0,0.184
227,Zambia,ZMB,AFRO,REPORTING,2022-10-30,13055448.0,10611599.0,71.015,57.722,8143760.0,44.298,"Beijing CNBG - BBIBP-CorV,Janssen - Ad26.COV 2-S,SII - Covishield",2021-04-14,3.0,967569.0,5.263
228,Zimbabwe,ZWE,AFRO,REPORTING,2022-10-16,12622764.0,6542794.0,84.928,44.021,4902925.0,32.988,"Beijing CNBG - BBIBP-CorV,Bharat - Covaxin,Gamaleya - Gam-Covid-Vac,Sinovac - CoronaVac",2021-02-18,4.0,1177045.0,7.919
